Title,Brand,Price,Currency,PreReduction_Price,Discount
Youth 530,New Balance,52.25,BHD,,
Youth Runfalcon 5 El,Adidas,12.98,BHD,21.57,-40%
Kids Tensaur Comfort Ac,Adidas,16.39,BHD,21.57,-25%
NIKE V5 RNR E BP,Nike,38.59,BHD,,
Air Jordan 1 Mid,Jordan,40.52,BHD,57.35,-30%
Youth Gel-Nyc Gs,asics,49.51,BHD,52.36,-6%
Youth Handball Spezial,adidas Originals,35.4,BHD,46.50,-24%
Kids Handball Spezial,adidas Originals,20.38,BHD,30.24,-33%
Tensaur Comfort Shoes Kids,Adidas,23.79,BHD,,
Kids Tensaur Run 3.0 El,Adidas,15.48,BHD,19.41,-21%
Youth Runfalcon 5,Adidas,18.78,BHD,24.83,-25%
Tensaur Switch Shoes Kids,Adidas,15.6,BHD,20.49,-24%
Youth Runfalcon 5 El,Adidas,12.98,BHD,21.57,-40%
Air Jordan 1 Mid,Jordan,40.52,BHD,57.35,-30%
Kids Tensaur Run 3.0 El,Adidas,15.48,BHD,19.41,-21%
Youth Tensaur Run 3.0,Adidas,11.95,BHD,22.66,-48%
Youth Runfalcon 5,Adidas,14.68,BHD,24.83,-41%
Kids Runfalcon 5 El,Adidas,16.39,BHD,21.57,-25%
Kids Club Ii Era,PUMA,21.29,BHD,28.08,-25%
Youth Gazelle,adidas Originals,21.63,BHD,43.26,-50%
Kids Chuck Taylor All Star,CONVERSE,17.99,BHD,27.00,-34%
Kids Chuck Taylor All Star,CONVERSE,14.91,BHD,19.41,-24%
Kids Copa Pure Iv League Tf,Adidas,17.99,BHD,32.41,-45%
Infant Samba Og Cf El,adidas Originals,23.91,BHD,30.24,-21%
Infant Samba Crib,adidas Originals,15.71,BHD,20.49,-24%
Youth Tensaur Run 3.0,Adidas,11.95,BHD,22.66,-48%
Youth Deportivo III TF,Adidas,14.12,BHD,18.32,-23%
Youth Copa Pure IV Club IN,Adidas,13.78,BHD,22.66,-40%
Youth Runfalcon 5,Adidas,14.68,BHD,24.83,-41%
Kids Campus 00S C,adidas Originals,20.95,BHD,35.67,-42%
Infant Grand Court Mickey,Adidas,17.07,BHD,22.66,-25%
Youth Rickie,PUMA,21.06,BHD,21.57,-3%
Kids Breakbase,Adidas,18.9,BHD,22.66,-17%
Kids Barreda Decode Elsa,Adidas,20.26,BHD,27.00,-25%
Infant Vl Court 3.0 Cf,Adidas,23.11,BHD,24.93,-8%
Infant Samba Og Cf El,adidas Originals,21.4,BHD,25.91,-18%
Infant Adilette Estrap Buz,Adidas,11.16,BHD,13.98,-21%
Kids Campus 00S El C,adidas Originals,22.08,BHD,35.67,-39%
Kids Runfalcon 5 El,Adidas,16.39,BHD,21.57,-25%
Kids Club Ii Era,PUMA,21.29,BHD,28.08,-25%
Kids Gel-1130 Ps,asics,36.31,BHD,36.32,-1%
Kids Campus 00S C,adidas Originals,20.95,BHD,35.67,-42%
Kids Bounder,SKECHERS,15.71,BHD,16.48,-5%
Infant Runfalcon 5 El,Adidas,17.64,BHD,19.41,-10%
Youth Runfalcon 5,Adidas,18.9,BHD,24.83,-24%
Kids Chuck Taylor All Star,CONVERSE,17.99,BHD,27.00,-34%
Kids Bounder,SKECHERS,12.07,BHD,16.48,-27%
Kids Deportivo Iii Tf,Adidas,17.64,BHD,18.32,-4%
Kids Grand Court Spider-Man,Adidas,20.26,BHD,28.08,-28%
Kids Handball Spezial,adidas Originals,35.17,BHD,,
Kids Grand Court Capt America El,Adidas,16.96,BHD,27.00,-38%
Infant Duramo Sl2 El,Adidas,17.64,BHD,20.49,-14%
Youth Terrain Clogs,crocs,23.79,BHD,,
Kids Duramo Sl2 El,Adidas,17.87,BHD,22.66,-22%
Kids Vl Court 3.0,Adidas,22.08,BHD,25.91,-15%
Youth 408,New Balance,24.7,BHD,27.00,-9%
Youth Softride Cosmic Street Sliptech,PUMA,19.46,BHD,29.16,-34%
Kids Samba Og,adidas Originals,32.9,BHD,,
Kids Gel-1130 Ps,asics,39.27,BHD,,
Kids Grand Court 00S,Adidas,22.2,BHD,27.00,-18%
Infant Vl Court 3.0 Cf,Adidas,23.68,BHD,24.83,-5%
Kids Campus 00S El C,adidas Originals,15.48,BHD,35.67,-57%
Infant Vl Court 3.0 Cf,Adidas,17.07,BHD,22.66,-25%
Kids Campus 00S C,adidas Originals,20.95,BHD,35.67,-42%
Kids All-Day Active Ac+ Ps,PUMA,11.38,BHD,20.49,-45%
Youth Barreda Decode,Adidas,18.33,BHD,28.08,-35%
Infant Tensaur Switch Cf,Adidas,14.57,BHD,18.32,-21%
Kids Water Sandal Spider,Adidas,20.03,BHD,25.91,-23%
Youth 530,New Balance,52.25,BHD,,
Infant Gazellef El,adidas Originals,18.21,BHD,27.00,-33%
Kids Handball Spezial,adidas Originals,19.35,BHD,32.41,-41%
Kids Samba Og Cf El C,adidas Originals,26.52,BHD,35.67,-26%
Kids Smash 3.0 L V Ps,PUMA,11.73,BHD,21.57,-46%
Air Jordan 1 Mid,Jordan,37.34,BHD,57.35,-35%
Kids Smash 3.0 L V Ps,PUMA,9.79,BHD,21.57,-55%
Unisex Kids BMW M Motorsport Drift Cat Decima motorsport shoe,BMW Motorsport,11.99,BHD,37.51,-69%
Infant Campus 00S Cf El,adidas Originals,16.28,BHD,30.24,-47%
Kids Grand Court Minnie,Adidas,12.52,BHD,27.00,-54%
Nike Metro Tek,Nike,14.91,BHD,37.83,-61%
Kids Old Skool V Sneakers,VANS,10.81,BHD,24.83,-57%
Kids Tensaur Run 3.0 El,Adidas,12.63,BHD,19.41,-35%
Kids Gel-1130 Ps,asics,39.27,BHD,,
Infant Tensaur Comfort Ac,Adidas,15.03,BHD,19.41,-23%
NIKE COSMIC RUNNER TD,Nike,23.79,BHD,,
Kids Vl Court 3.0,Adidas,22.08,BHD,25.91,-15%
Kids Classic Clogs,crocs,21.52,BHD,,
Infant Bubblecomfy,Adidas,17.07,BHD,20.49,-17%
Kids Tensaur Run 3.0 El,Adidas,18.78,BHD,19.41,-4%
Kids Gel-1130 Ps,asics,36.31,BHD,36.32,-1%
Kids Flexfocus Sliptech Ps,PUMA,11.38,BHD,19.41,-42%
Youth Softride Cosmic Street Sliptech,PUMA,15.82,BHD,29.16,-46%
Kids Club Ii Era,PUMA,17.76,BHD,28.08,-37%
Youth Runfalcon 5 El,Adidas,12.98,BHD,21.57,-40%
Kids Altaswim 3 C,Adidas,12.63,BHD,18.32,-32%
Kids Smash 3.0 L V Ps,PUMA,11.73,BHD,21.57,-46%
Kids Gel-1130 Ps,asics,31.87,BHD,36.32,-13%
Infant Tensaur Run 3.0 El,Adidas,15.25,BHD,20.49,-26%
Infant Flexfocus Modern Ac+,PUMA,19.24,BHD,,
Kids Tensaur Run 3.0 El,Adidas,16.74,BHD,22.66,-27%
Kids Breakbase C,Adidas,18.9,BHD,22.66,-17%
Youth Cloud Play,On Running,58.05,BHD,,
COURT BOROUGH LOW RECRAFT BPV,Nike,32.9,BHD,,
Air Jordan 1 Mid,Jordan,37.34,BHD,57.35,-35%
Nike Flex Runner 4,Nike,27.2,BHD,,
Kids Smash 3.0 L V Ps,PUMA,9.79,BHD,21.57,-55%
Kids Vl Court 3.0,Adidas,19.01,BHD,25.91,-27%
Youth Adizero Evo Sl,Adidas,69.32,BHD,,
Adilette Sandals,Adidas,16.96,BHD,,
Unisex Kids BMW M Motorsport Drift Cat Decima motorsport shoe,BMW Motorsport,11.99,BHD,37.51,-69%
Kids Handball Spezial,adidas Originals,17.76,BHD,30.24,-42%
Infant Summerflex I,Adidas,19.69,BHD,22.66,-14%
Youth Duramo Sl2,Adidas,18.56,BHD,25.91,-29%
Nike Flex Runner 4,Nike,27.2,BHD,,
Kids Adilette Shower Logo,Adidas,9.45,BHD,12.90,-27%
Kids Air Max 270 Bp,Nike,31.87,BHD,48.67,-35%
578 Sports Shoes,New Balance,21.52,BHD,,
Kids Rincon 4 Big Kids,Hoka,49.51,BHD,,
Kids Adilette Aqua,Adidas,7.85,BHD,10.73,-27%
Infant Tensaur Run 3.0 El,Adidas,15.25,BHD,20.49,-26%
Kids Grand Court Minnie,Adidas,12.52,BHD,27.00,-54%
Kids Gel-1130 Ps,asics,31.87,BHD,36.32,-13%
Kids Classic Clogs,crocs,21.52,BHD,,
Infant Grand Court Minnie,Adidas,24.93,BHD,,
Nike Dunk Low,Nike,42.12,BHD,48.67,-14%
Youth Anzarun Lite,PUMA,15.48,BHD,24.83,-38%
NIKE STAR RUNNER 5 GS,Nike,35.17,BHD,,
Youth V5 Rnr Gs,Nike,46.55,BHD,,
Nike Flex Runner 4,Nike,27.2,BHD,,
578 Sports Shoes,New Balance,21.52,BHD,,
Youth Adizero Evo Sl,Adidas,69.32,BHD,,
Infant Flexfocus Modern Ac+,PUMA,19.24,BHD,,
Youth Air Max Fire Gs,Nike,34.94,BHD,48.67,-29%
Kids Smash 3.0 L V Ps,PUMA,15.48,BHD,21.57,-29%
Kids Smash 3.0 L V Ps,PUMA,9.79,BHD,21.57,-55%
Youth Pegasus Trail 5 Gs,Nike,25.95,BHD,62.76,-59%
Kids Grand Court Minnie,Adidas,12.52,BHD,27.00,-54%
Youth Anzarun Lite,PUMA,15.48,BHD,24.83,-38%
Nike Jr. Tiempo Legend 10 Academy,Nike,13.78,BHD,35.67,-62%
Youth P-6000 Bg,Nike,34.37,BHD,48.67,-30%
Kids All-Day Active Ac+ Ps,PUMA,15.03,BHD,20.49,-27%
"Kids' Black Velcro Strap Sneakers Shoes - Easy-On, Day Fun for Little Explorers!",U.S. Polo Assn.,20.1,BHD,33.22,-40%
Kids Adilette Aqua,Adidas,8.31,BHD,10.73,-23%
Nike Jr. Tiempo Legend 10 Academy,Nike,13.78,BHD,35.67,-62%
Youth P-6000 Bg,Nike,34.37,BHD,48.67,-30%
Infant Star Runner 5 Td,Nike,29.48,BHD,,
Infant Summerflex I,Adidas,19.69,BHD,22.66,-14%
Youth Dunk Low Retro Bttys,Nike,27.43,BHD,35.67,-24%
Infant Tensaur Run 3.0 El,Adidas,15.6,BHD,20.49,-24%
Infant Gazellef El,adidas Originals,19.69,BHD,27.00,-28%
Kids All-Day Active Ac+ Ps,PUMA,15.03,BHD,20.49,-27%
Kids Gt-1000 14 Ps,asics,34.15,BHD,,
Youth Samba Og,adidas Originals,46.33,BHD,46.50,-1%
"Kids' Black Velcro Strap Sneakers Shoes - Easy-On, Day Fun for Little Explorers!",U.S. Polo Assn.,20.1,BHD,33.22,-40%
Kids Tensaur Run 3.0 El,Adidas,16.85,BHD,22.66,-26%
Youth 327,New Balance,46.55,BHD,,
Kids Crocband Cruiser Sandals,crocs,23.79,BHD,,
Kids Old Skool V Sneakers,VANS,14.68,BHD,24.83,-41%
NIKE COSMIC RUNNER TD,Nike,23.79,BHD,,
COURT BOROUGH MID 2 BPV,Nike,35.17,BHD,,
Youth Lightblaze,Adidas,22.42,BHD,32.41,-31%
Infant Campus 00S Cf El,adidas Originals,21.29,BHD,30.24,-30%
Kids F50 Hyperfast Club Tf,Adidas,29.48,BHD,,
Kids Barreda Decode El C,Adidas,19.69,BHD,22.66,-14%
Kids Runfalcon 5 El,Adidas,16.39,BHD,21.57,-25%
Youth Soft Wired 2 Sliptech Ps,PUMA,15.71,BHD,24.83,-37%
Tensaur Comfort Shoes Kids,Adidas,19.46,BHD,21.57,-10%
Infant Bubblecomfy,Adidas,17.07,BHD,20.49,-17%
Kids Samba Og,adidas Originals,23.45,BHD,30.24,-23%
Youth Breaknet 3.0,Adidas,19.46,BHD,22.66,-15%
Youth Air Jordan 1 Mid Bg,Jordan,48.15,BHD,59.52,-20%
Kids Club Ii Era V Ps,PUMA,17.07,BHD,25.91,-35%
Kids Tensaur Comfort Ac,Adidas,15.48,BHD,21.57,-29%
Infant Chuck Taylor All Star Cribster,CONVERSE,15.82,BHD,16.15,-3%
Kids Breakbase C,Adidas,19.46,BHD,22.66,-15%
Kids Sunray Protect 4 Bp,Nike,21.63,BHD,24.83,-13%
Youth Dunk Low Se 1 Bg,Nike,38.13,BHD,54.09,-30%
Kids Breakbase C,Adidas,18.9,BHD,22.66,-17%
Nike Metro Tek,Nike,14.91,BHD,37.83,-61%
Youth Grand Court 3.0,Adidas,20.49,BHD,22.66,-10%
Youth Copa Pure IV Club FG,Adidas,14.46,BHD,22.66,-37%
Kids Pokemon Print Classic Clog,crocs,28.34,BHD,30.24,-7%
Youth Star Runner 5 Gs,Nike,20.26,BHD,30.24,-34%
Infant Samba Og Cf El,adidas Originals,24.7,BHD,25.91,-5%
Kids Arizona  BS Narrow Fit Sandals,BIRKENSTOCK,40.87,BHD,,
Infant Adifom Samba 360 I,adidas Originals,19.01,BHD,30.24,-38%
Kids Gel-Nyc Ps,asics,37.11,BHD,42.82,-14%
Kids Microspec Velocity,SKECHERS,15.48,BHD,18.21,-16%
Kids Tensaur Sport 3.0,Adidas,15.71,BHD,19.41,-20%
Kids Adilette Sandal 2,Adidas,13.43,BHD,15.07,-11%
Youth Advantage Base 2.0,Adidas,17.87,BHD,22.66,-22%
Youth Handball Spezial,adidas Originals,36.2,BHD,49.76,-28%
Kids Duramo Sl2 El,Adidas,17.07,BHD,22.66,-25%
Kids Go Run 400 V2,SKECHERS,18.44,BHD,,
Adifom Adilette Slides Kids,adidas Originals,20.6,BHD,22.65,-10%
Youth P-6000 Bg,Nike,55.66,BHD,,
COURT BOROUGH LOW RECRAFT BPV,Nike,29.48,BHD,,
Youth Cosmic Runner Gs,Nike,35.17,BHD,,
Kids Bounder,SKECHERS,12.07,BHD,16.48,-27%
Youth F50 Club TF,Adidas,20.26,BHD,25.91,-22%
Kids Old Skool V Sneakers,VANS,14.68,BHD,24.83,-41%
Youth Lightblaze,Adidas,22.42,BHD,32.41,-31%
Infant Campus 00S Cf El,adidas Originals,21.29,BHD,30.24,-30%
Youth Soft Wired 2 Sliptech Ps,PUMA,15.71,BHD,24.83,-37%
Kids Tensaur Comfort Ac,Adidas,15.48,BHD,21.57,-29%
Youth Dunk Low Se 1 Bg,Nike,38.13,BHD,54.09,-30%
Nike Metro Tek,Nike,14.91,BHD,37.83,-61%
Youth Copa Pure IV Club FG,Adidas,14.46,BHD,22.66,-37%
Youth Star Runner 5 Gs,Nike,20.26,BHD,30.24,-34%
Infant Adifom Samba 360 I,adidas Originals,19.01,BHD,30.24,-38%
Infant Skechers Meteor-Lights,SKECHERS,10.81,BHD,18.32,-41%
Kids Adilette Estrap 2.0,Adidas,12.07,BHD,13.98,-14%
Kids Fortarun 4.0 El C,Adidas,25.38,BHD,25.91,-3%
Infant Flexfocus Modern Ac+,PUMA,19.24,BHD,,
Kids Chuck Taylor All Star 2V,CONVERSE,15.48,BHD,19.41,-21%
Youth Adilette Lumia,Adidas,16.96,BHD,,
Youth X-Ray 3 Lt,PUMA,15.6,BHD,25.91,-40%
Infant Handball Spezial,adidas Originals,18.78,BHD,27.00,-31%
Youth Fortarun 4.0,Adidas,20.26,BHD,28.08,-28%
Nike Air Max Nova,Nike,27.09,BHD,41.09,-35%
Infant Vl Court Woody Cf,Adidas,24.93,BHD,,
Adilette Sandals,Adidas,16.96,BHD,,
Kids Grand Court 00S,Adidas,19.35,BHD,25.91,-26%
Kids Tensaur Mickey,Adidas,18.21,BHD,27.00,-33%
Air Jordan 4 RM,Jordan,67.04,BHD,,
"Kids' Black Velcro Strap Sneakers Shoes - Comfy, Cushioned Sole for All-Day Play!",U.S. Polo Assn.,20.1,BHD,33.22,-40%
Infant Lightorama Rnr El,Adidas,16.85,BHD,25.91,-35%
Kids Go Run 400 V2,SKECHERS,12.52,BHD,16.48,-25%
Youth Gel-1130 Gs,asics,43.26,BHD,,
Youth Cloud Play,On Running,58.05,BHD,,
Youth Terrex Tracefinder 2,Adidas,19.58,BHD,27.00,-28%
Tensaur Hook and Loop Shoes,Adidas,20.38,BHD,,
Kids Black Low-Top Casual Sneakers with Velcro Strap - Sleek Everyday Style and Comfort for Effortless Wear,U.S. Polo Assn.,18.91,BHD,40.37,-54%
Infant Handball Spezial Cf,adidas Originals,24.47,BHD,27.00,-10%
"Kids' White Velcro Strap Sneakers Shoes - Comfy, Cushioned Sole for All-Day Play!",U.S. Polo Assn.,16.52,BHD,33.22,-51%
Kids Tensaur Run 3.0 El,Adidas,16.74,BHD,22.66,-27%
Youth Revolution 7,Nike,28.69,BHD,37.40,-24%
Youth 327,New Balance,46.55,BHD,,
Infant Japan S Ts,asics,28.46,BHD,,
Youth 9060,New Balance,57.94,BHD,,
Kids Microspec Tread,SKECHERS,20.26,BHD,,
Infant Lightorama Court El,Adidas,29.48,BHD,,
COURT BOROUGH MID 2 BG,Nike,46.55,BHD,,
Youth Handball Spezial,adidas Originals,53.38,BHD,,
Youth 740,New Balance,49.97,BHD,,
Youth JN Old Skool,VANS,28,BHD,31.98,-13%
Youth Eclyptix 2000,Adidas,30.62,BHD,,
Kids Samba Og Cf El,adidas Originals,35.17,BHD,,
NIKE STELLAR RIDE PSV,Nike,35.17,BHD,,
Infant Runfalcon 6 El,Adidas,22.65,BHD,,
Kids Suede Classic,PUMA,37.45,BHD,,
Youth Dunk Low Sde Bg,Nike,55.66,BHD,,
AIR MAX 270 BG,Nike,63.63,BHD,,
Youth Fortarun 3.0,Adidas,24.36,BHD,27.64,-12%
Infant Japan S Ts,asics,28.46,BHD,,
Kids F50 Messi Club Tf,Adidas,30.62,BHD,,
Kids Palermo Lth,PUMA,37.45,BHD,,
Kids Lite Racer 3.0,Adidas,19.35,BHD,24.83,-23%
Infant Flexfocus Modern Ac+,PUMA,19.24,BHD,,
Youth Pacific Gs,Nike,44.28,BHD,,
Infant Tensaur Run 4.0 El,Adidas,20.38,BHD,,
Kids Runfalcon 6 El,Adidas,23.79,BHD,,
Youth Air Jordan 1 Low Se Uni Bg,Jordan,61.35,BHD,,
Kids Nasa Flip Flop,NASA,4.44,BHD,,
Infant Jordan 1 Low Alt Bt,Jordan,40.87,BHD,,
Air Jordan 4 RM,Jordan,67.04,BHD,,
Infant Classic Clogs,crocs,18.1,BHD,,
Youth Gt-2000 14 Gs,asics,52.36,BHD,,
Youth Handball Spezial,adidas Originals,36.2,BHD,49.76,-28%
COURT BOROUGH LOW RECRAFT BPV,Nike,29.48,BHD,,
Infant Skechers Meteor-Lights,SKECHERS,10.81,BHD,18.32,-41%
Nike Air Max SC,Nike,22.31,BHD,41.09,-46%
Infant Handball Spezial,adidas Originals,18.78,BHD,27.00,-31%
Nike Air Max Nova,Nike,27.09,BHD,41.09,-35%
Kids Tensaur Mickey,Adidas,18.21,BHD,27.00,-33%
"Kids' Black Velcro Strap Sneakers Shoes - Comfy, Cushioned Sole for All-Day Play!",U.S. Polo Assn.,20.1,BHD,33.22,-40%
Infant Lightorama Rnr El,Adidas,16.85,BHD,25.91,-35%
Kids Black Low-Top Casual Sneakers with Velcro Strap - Sleek Everyday Style and Comfort for Effortless Wear,U.S. Polo Assn.,18.91,BHD,40.37,-54%
Infant Crocband Cruiser Sandals,crocs,21.52,BHD,,
Youth 1906,New Balance,57.94,BHD,,
Kids Air Max 90 Mesh Lace Ps,Nike,46.55,BHD,,
Youth Skyrocket Lite 2,PUMA,23.79,BHD,,
Youth Campio Xt,Reebok,25.5,BHD,35.67,-29%
Youth Air Max Bia Bg,Nike,52.25,BHD,,
Youth Air Max 90 Ltr Gs,Nike,61.35,BHD,,
AIR ZOOM PEGASUS 42 GS,Nike,61.35,BHD,,
Junior Anthony Edwards 1 J Low,Adidas,52.36,BHD,,
Youth Sonic Fly Gs,Nike,44.28,BHD,,
AIR MAX 270 BP,Nike,52.25,BHD,,
Youth Speedcat Og,PUMA,46.55,BHD,,
Youth Future 9 Play FG,PUMA,28.34,BHD,,
Youth Jordan Spizike Low Bg,Jordan,69.32,BHD,,
Youth Uplift Sc Bg,Nike,35.17,BHD,,
Infant 574,New Balance,38.59,BHD,,
Kids Uno Lite,SKECHERS,26.75,BHD,28.00,-5%
Youth P-6000 Br Bg,Nike,55.66,BHD,,
Youth Jordan Sixty Plus Low Bg,Jordan,72.73,BHD,,
Kids Handball Spezial Messi,Adidas,35.17,BHD,,
Kids Tensaur Run 4.0 El,Adidas,22.65,BHD,,
Youth Stellar Ride Gs,Nike,40.87,BHD,,
Youth Jordan Court Connect Low Bg,Jordan,44.28,BHD,,
Kids Japan S Ps,asics,31.3,BHD,,
Youth Tensaur Run 4.0,Adidas,24.93,BHD,,
Kids Eclyptix 2000 El,Adidas,29.48,BHD,,
Youth Air Max Phoenix Bg,Nike,67.04,BHD,,
Infant Crocband Clog Sandals,crocs,23.79,BHD,,
Youth Breakbase,Adidas,20.26,BHD,25.91,-22%
Kids Grand Court Spider-Man El,Adidas,30.62,BHD,,
Kids Max Invigor Bp,Nike,44.28,BHD,,
Kids Jordan 1 Low Alt Bp,Jordan,46.55,BHD,,
Youth Air Force 1 Ess+ Bg,Nike,57.94,BHD,,
Youth Break Start,Adidas,23.91,BHD,27.00,-12%
NIKE STELLAR RIDE PSV,Nike,35.17,BHD,,
Youth Tensaur Run 4.0,Adidas,24.93,BHD,,
Kids Hoops Classic El,Adidas,29.48,BHD,,
Kids Jordan Max Aura 7 Bg,Jordan,52.25,BHD,,
Infant Runfalcon 6 El,Adidas,22.65,BHD,,
Toddler Classic Clogs,crocs,18.1,BHD,,
Kids Eclyptix 2000 El,Adidas,29.48,BHD,,
Youth Air Jordan 1 Mid Bg,Jordan,67.04,BHD,,
Kids Japan S Ps,asics,31.3,BHD,,
Kids Slide Sandals,speedo,10.36,BHD,10.95,-6%
NIKE DUNK LOW N BP,Nike,46.55,BHD,,
Youth Gel-Nyc Gs,asics,44.73,BHD,48.78,-9%
